Invoice ID,Branch,City,Customer type,Gender,Rating
750-67-8428,A,Sukhumvit,Member,Female,10
226-31-3081,C,Rama 9,Normal,Female,10
631-41-3108,A,Sukhumvit,Normal,Male,8
123-19-1176,A,Sukhumvit,Member,Male,9
373-73-7910,A,Sukhumvit,Normal,Male,6
699-14-3026,C,Rama 9,Normal,Male,5
355-53-5943,A,Sukhumvit,Member,Female,6
315-22-5665,C,Rama 9,Normal,Female,8
665-32-9167,A,Sukhumvit,Member,Female,8
692-92-5582,B,Rama 2,Member,Female,6
351-62-0822,B,Rama 2,Member,Female,5
529-56-3974,B,Rama 2,Member,Male,7
365-64-0515,A,Sukhumvit,Normal,Female,8
252-56-2699,A,Sukhumvit,Normal,Male,9
829-34-3910,A,Sukhumvit,Normal,Female,6
299-46-1805,B,Rama 2,Member,Female,5
656-95-9349,A,Sukhumvit,Member,Female,5
765-26-6951,A,Sukhumvit,Normal,Male,7
329-62-1586,A,Sukhumvit,Normal,Male,9
319-50-3348,B,Rama 2,Normal,Female,5
300-71-4605,C,Rama 9,Member,Male,5
371-85-5789,B,Rama 2,Normal,Male,6
273-16-6619,B,Rama 2,Normal,Male,5
636-48-8204,A,Sukhumvit,Normal,Male,10
549-59-1358,A,Sukhumvit,Member,Male,6
227-03-5010,A,Sukhumvit,Member,Female,9
649-29-6775,B,Rama 2,Normal,Male,7
189-17-4241,A,Sukhumvit,Normal,Female,8
145-94-9061,B,Rama 2,Normal,Female,10
848-62-7243,A,Sukhumvit,Normal,Male,8
871-79-8483,B,Rama 2,Normal,Male,5
149-71-6266,B,Rama 2,Member,Male,5
640-49-2076,B,Rama 2,Normal,Male,6
595-11-5460,A,Sukhumvit,Normal,Male,6
183-56-6882,C,Rama 9,Member,Female,8
232-16-2483,C,Rama 9,Member,Female,7
129-29-8530,A,Sukhumvit,Member,Male,7
272-65-1806,A,Sukhumvit,Normal,Female,5
333-73-7901,C,Rama 9,Normal,Female,8
777-82-7220,B,Rama 2,Member,Male,8
280-35-5823,B,Rama 2,Member,Female,8
554-53-8700,C,Rama 9,Member,Male,7
354-25-5821,B,Rama 2,Member,Female,6
228-96-1411,C,Rama 9,Member,Female,8
617-15-4209,C,Rama 9,Member,Male,8
132-32-9879,B,Rama 2,Member,Female,10
370-41-7321,B,Rama 2,Member,Male,9
727-46-3608,B,Rama 2,Member,Female,5
669-54-1719,B,Rama 2,Member,Male,9
574-22-5561,C,Rama 9,Member,Female,8
326-78-5178,C,Rama 9,Member,Male,10
162-48-8011,A,Sukhumvit,Member,Female,9
616-24-2851,B,Rama 2,Member,Female,7
778-71-5554,C,Rama 9,Member,Male,7
242-55-6721,B,Rama 2,Normal,Male,7
399-46-5918,C,Rama 9,Normal,Female,9
106-35-6779,A,Sukhumvit,Member,Male,6
635-40-6220,A,Sukhumvit,Normal,Male,7
817-48-8732,A,Sukhumvit,Member,Female,6
120-06-4233,C,Rama 9,Normal,Male,10
285-68-5083,C,Rama 9,Member,Female,10
803-83-5989,C,Rama 9,Normal,Male,7
347-34-2234,B,Rama 2,Member,Female,10
199-75-8169,A,Sukhumvit,Member,Male,9
853-23-2453,B,Rama 2,Member,Male,8
877-22-3308,A,Sukhumvit,Member,Male,6
838-78-4295,C,Rama 9,Normal,Female,7
109-28-2512,B,Rama 2,Member,Female,10
232-11-3025,A,Sukhumvit,Normal,Male,7
382-03-4532,A,Sukhumvit,Member,Female,5
393-65-2792,C,Rama 9,Normal,Male,10
796-12-2025,C,Rama 9,Normal,Male,6
510-95-6347,B,Rama 2,Member,Female,4
841-35-6630,C,Rama 9,Normal,Female,9
287-21-9091,A,Sukhumvit,Normal,Male,10
732-94-0499,C,Rama 9,Normal,Female,6
263-10-3913,C,Rama 9,Member,Male,9
381-20-0914,A,Sukhumvit,Member,Female,6
829-49-1914,C,Rama 9,Member,Female,7
756-01-7507,C,Rama 9,Normal,Female,6
870-72-4431,C,Rama 9,Normal,Female,6
847-38-7188,B,Rama 2,Normal,Female,7
480-63-2856,C,Rama 9,Normal,Male,7
787-56-0757,C,Rama 9,Member,Female,9
360-39-5055,C,Rama 9,Member,Male,7
730-50-9884,C,Rama 9,Normal,Female,4
362-58-8315,C,Rama 9,Normal,Male,10
633-44-8566,A,Sukhumvit,Member,Male,8
504-35-8843,A,Sukhumvit,Normal,Male,6
318-68-5053,B,Rama 2,Normal,Female,7
565-80-5980,C,Rama 9,Member,Female,8
225-32-0908,C,Rama 9,Normal,Female,9
873-51-0671,A,Sukhumvit,Member,Female,6
152-08-9985,B,Rama 2,Member,Male,9
512-91-0811,C,Rama 9,Normal,Male,7
594-34-4444,A,Sukhumvit,Normal,Male,8
766-85-7061,B,Rama 2,Normal,Male,6
871-39-9221,C,Rama 9,Normal,Female,5
865-92-6136,A,Sukhumvit,Normal,Male,10
733-01-9107,B,Rama 2,Normal,Male,8
163-56-7055,C,Rama 9,Member,Male,5
189-98-2939,C,Rama 9,Normal,Male,8
551-21-3069,C,Rama 9,Normal,Female,5
212-62-1842,A,Sukhumvit,Normal,Male,10
716-39-1409,B,Rama 2,Normal,Male,8
704-48-3927,A,Sukhumvit,Member,Male,8
628-34-3388,C,Rama 9,Normal,Male,8
630-74-5166,A,Sukhumvit,Normal,Male,8
588-01-7461,C,Rama 9,Normal,Female,5
861-77-0145,C,Rama 9,Member,Male,10
479-26-8945,B,Rama 2,Member,Female,5
210-67-5886,C,Rama 9,Member,Female,8
227-78-1148,B,Rama 2,Normal,Female,9
645-44-1170,A,Sukhumvit,Member,Male,5
237-01-6122,C,Rama 9,Member,Female,10
225-98-1496,C,Rama 9,Normal,Female,8
291-32-1427,B,Rama 2,Member,Male,6
659-65-8956,B,Rama 2,Member,Male,6
642-32-2990,A,Sukhumvit,Normal,Female,6
378-24-2715,B,Rama 2,Normal,Male,5
638-60-7125,A,Sukhumvit,Normal,Female,6
659-36-1684,C,Rama 9,Member,Male,7
219-22-9386,B,Rama 2,Member,Male,5
336-78-2147,C,Rama 9,Member,Male,5
268-27-6179,B,Rama 2,Member,Female,8
668-90-8900,A,Sukhumvit,Normal,Female,5
870-54-3162,A,Sukhumvit,Normal,Female,9
189-08-9157,C,Rama 9,Normal,Female,6
663-86-9076,C,Rama 9,Member,Female,9
549-84-7482,B,Rama 2,Normal,Female,8
191-10-6171,B,Rama 2,Normal,Female,8
802-70-5316,A,Sukhumvit,Member,Female,9
695-51-0018,B,Rama 2,Normal,Female,8
590-83-4591,B,Rama 2,Member,Male,9
483-71-1164,C,Rama 9,Normal,Female,6
597-78-7908,C,Rama 9,Normal,Male,7
700-81-1757,A,Sukhumvit,Normal,Female,9
354-39-5160,A,Sukhumvit,Member,Female,10
241-72-9525,B,Rama 2,Normal,Male,9
575-30-8091,A,Sukhumvit,Normal,Male,10
731-81-9469,C,Rama 9,Member,Female,6
280-17-4359,C,Rama 9,Member,Male,9
338-65-2210,C,Rama 9,Member,Female,10
488-25-4221,C,Rama 9,Member,Female,9
239-10-7476,A,Sukhumvit,Normal,Female,8
458-41-1477,C,Rama 9,Normal,Female,10
685-64-1609,A,Sukhumvit,Member,Female,10
568-90-5112,C,Rama 9,Normal,Male,6
262-47-2794,B,Rama 2,Member,Male,7
238-49-0436,A,Sukhumvit,Normal,Male,5
608-96-3517,B,Rama 2,Member,Female,5
584-86-7256,C,Rama 9,Member,Male,8
746-94-0204,A,Sukhumvit,Normal,Male,8
214-17-6927,C,Rama 9,Normal,Female,10
400-89-4171,C,Rama 9,Normal,Female,10
782-95-9291,A,Sukhumvit,Member,Male,9
279-74-2924,B,Rama 2,Member,Male,7
307-85-2293,B,Rama 2,Normal,Male,10
743-04-1105,B,Rama 2,Member,Male,6
423-57-2993,B,Rama 2,Normal,Male,10
894-41-5205,C,Rama 9,Normal,Female,9
275-28-0149,A,Sukhumvit,Normal,Male,6
101-17-6199,A,Sukhumvit,Normal,Male,7
423-80-0988,C,Rama 9,Normal,Male,7
548-46-9322,B,Rama 2,Normal,Male,6
505-02-0892,B,Rama 2,Member,Male,6
234-65-2137,C,Rama 9,Normal,Male,5
687-47-8271,A,Sukhumvit,Normal,Male,9
796-32-9050,A,Sukhumvit,Normal,Male,7
105-31-1824,A,Sukhumvit,Member,Male,9
249-42-3782,A,Sukhumvit,Normal,Male,6
316-55-4634,B,Rama 2,Member,Male,10
733-33-4967,C,Rama 9,Normal,Male,7
608-27-6295,B,Rama 2,Member,Male,10
414-12-7047,B,Rama 2,Normal,Male,9
827-26-2100,A,Sukhumvit,Member,Male,9
175-54-2529,A,Sukhumvit,Member,Male,10
139-52-2867,C,Rama 9,Normal,Female,5
407-63-8975,A,Sukhumvit,Normal,Male,5
342-65-4817,C,Rama 9,Member,Male,10
130-98-8941,C,Rama 9,Normal,Male,6
434-83-9547,C,Rama 9,Member,Male,8
851-28-6367,A,Sukhumvit,Member,Male,8
824-88-3614,C,Rama 9,Normal,Male,6
586-25-0848,A,Sukhumvit,Normal,Female,7
895-66-0685,B,Rama 2,Member,Male,8
305-14-0245,B,Rama 2,Member,Female,8
732-04-5373,B,Rama 2,Member,Male,7
400-60-7251,A,Sukhumvit,Normal,Male,10
593-65-1552,C,Rama 9,Normal,Female,6
284-34-9626,B,Rama 2,Normal,Female,8
437-58-8131,B,Rama 2,Normal,Female,5
286-43-6208,C,Rama 9,Normal,Female,10
641-43-2399,B,Rama 2,Normal,Male,6
831-07-6050,A,Sukhumvit,Normal,Male,10
556-86-3144,C,Rama 9,Member,Female,5
848-24-9445,C,Rama 9,Member,Male,5
856-22-8149,A,Sukhumvit,Normal,Female,7
699-01-4164,C,Rama 9,Normal,Male,9
420-11-4919,C,Rama 9,Member,Female,6
606-80-4905,C,Rama 9,Member,Female,7
542-41-0513,B,Rama 2,Member,Female,7
426-39-2418,C,Rama 9,Normal,Male,10
875-46-5808,B,Rama 2,Member,Male,9
394-43-4238,B,Rama 2,Member,Male,6
749-24-1565,A,Sukhumvit,Normal,Female,8
672-51-8681,C,Rama 9,Member,Female,10
263-87-5680,C,Rama 9,Member,Female,8
573-58-9734,B,Rama 2,Normal,Female,6
817-69-8206,B,Rama 2,Normal,Female,7
888-02-0338,A,Sukhumvit,Normal,Male,6
677-11-0152,C,Rama 9,Normal,Female,9
142-63-6033,B,Rama 2,Normal,Male,5
656-16-1063,B,Rama 2,Normal,Male,5
891-58-8335,B,Rama 2,Member,Female,7
802-43-8934,A,Sukhumvit,Normal,Male,9
560-30-5617,B,Rama 2,Normal,Female,9
319-74-2561,A,Sukhumvit,Member,Female,6
549-03-9315,B,Rama 2,Normal,Male,9
790-29-1172,B,Rama 2,Normal,Female,8
239-36-3640,B,Rama 2,Normal,Male,7
468-01-2051,B,Rama 2,Normal,Male,6
389-25-3394,C,Rama 9,Normal,Male,10
279-62-1445,C,Rama 9,Member,Female,9
213-72-6612,A,Sukhumvit,Normal,Male,7
746-68-6593,C,Rama 9,Member,Female,10
836-82-5858,B,Rama 2,Member,Male,4
583-72-1480,C,Rama 9,Member,Male,10
466-61-5506,B,Rama 2,Member,Female,6
721-86-6247,A,Sukhumvit,Normal,Female,8
289-65-5721,B,Rama 2,Normal,Female,7
545-46-3100,B,Rama 2,Member,Female,9
418-02-5978,B,Rama 2,Normal,Female,8
269-04-5750,B,Rama 2,Member,Male,7
157-13-5295,A,Sukhumvit,Member,Male,7
645-78-8093,A,Sukhumvit,Normal,Female,5
211-30-9270,C,Rama 9,Normal,Male,5
755-12-3214,C,Rama 9,Member,Female,9
346-84-3103,B,Rama 2,Member,Female,5
478-06-7835,A,Sukhumvit,Normal,Male,5
540-11-4336,A,Sukhumvit,Normal,Male,6
448-81-5016,A,Sukhumvit,Normal,Male,6
142-72-4741,C,Rama 9,Member,Male,6
217-58-1179,A,Sukhumvit,Member,Male,5
376-02-8238,B,Rama 2,Normal,Male,9
530-90-9855,A,Sukhumvit,Member,Male,6
866-05-7563,B,Rama 2,Member,Female,5
604-70-6476,A,Sukhumvit,Member,Male,7
799-71-1548,A,Sukhumvit,Member,Male,9
785-13-7708,B,Rama 2,Normal,Male,5
845-51-0542,B,Rama 2,Member,Male,7
662-47-5456,C,Rama 9,Member,Male,9
883-17-4236,C,Rama 9,Normal,Female,8
290-68-2984,A,Sukhumvit,Normal,Male,6
704-11-6354,A,Sukhumvit,Member,Male,9
110-48-7033,B,Rama 2,Member,Male,9
366-93-0948,A,Sukhumvit,Member,Male,10
729-09-9681,A,Sukhumvit,Member,Male,9
151-16-1484,A,Sukhumvit,Member,Male,7
380-94-4661,C,Rama 9,Member,Male,7
850-41-9669,A,Sukhumvit,Normal,Female,7
821-07-3596,C,Rama 9,Normal,Female,6
655-85-5130,B,Rama 2,Member,Female,6
447-15-7839,A,Sukhumvit,Member,Female,5
154-74-7179,B,Rama 2,Normal,Male,8
253-12-6086,A,Sukhumvit,Member,Female,9
808-65-0703,C,Rama 9,Normal,Male,7
571-94-0759,B,Rama 2,Member,Female,10
144-51-6085,A,Sukhumvit,Member,Male,5
731-14-2199,A,Sukhumvit,Member,Female,7
783-09-1637,B,Rama 2,Normal,Female,7
687-15-1097,C,Rama 9,Member,Female,10
126-54-1082,A,Sukhumvit,Member,Female,9
633-91-1052,A,Sukhumvit,Normal,Female,6
477-24-6490,B,Rama 2,Normal,Female,8
566-19-5475,B,Rama 2,Normal,Male,7
526-86-8552,C,Rama 9,Member,Female,8
376-56-3573,C,Rama 9,Normal,Female,7
537-72-0426,C,Rama 9,Member,Male,6
828-61-5674,A,Sukhumvit,Member,Male,10
136-08-6195,A,Sukhumvit,Normal,Female,7
523-38-0215,C,Rama 9,Normal,Male,8
490-29-1201,A,Sukhumvit,Normal,Female,7
667-92-0055,A,Sukhumvit,Member,Male,9
565-17-3836,A,Sukhumvit,Member,Female,10
498-41-1961,B,Rama 2,Normal,Male,8
593-95-4461,C,Rama 9,Member,Male,7
226-71-3580,C,Rama 9,Normal,Female,10
283-79-9594,B,Rama 2,Normal,Female,6
430-60-3493,A,Sukhumvit,Member,Female,5
139-20-0155,B,Rama 2,Member,Male,7
558-80-4082,C,Rama 9,Normal,Male,6
278-97-7759,A,Sukhumvit,Member,Female,5
316-68-6352,A,Sukhumvit,Member,Female,8
585-03-5943,B,Rama 2,Normal,Male,6
211-05-0490,C,Rama 9,Member,Female,8
727-75-6477,C,Rama 9,Normal,Male,7
744-02-5987,A,Sukhumvit,Member,Male,6
307-83-9164,A,Sukhumvit,Member,Male,5
779-06-0012,C,Rama 9,Member,Female,8
446-47-6729,C,Rama 9,Normal,Male,7
573-10-3877,B,Rama 2,Member,Male,5
735-06-4124,C,Rama 9,Normal,Male,5
439-54-7422,A,Sukhumvit,Normal,Female,5
396-90-2219,B,Rama 2,Normal,Female,9
411-77-0180,A,Sukhumvit,Member,Male,5
286-01-5402,A,Sukhumvit,Normal,Female,10
803-17-8013,A,Sukhumvit,Member,Female,5
512-98-1403,A,Sukhumvit,Member,Female,5
848-42-2560,A,Sukhumvit,Normal,Female,8
532-59-7201,B,Rama 2,Member,Male,6
181-94-6432,C,Rama 9,Member,Male,10
870-76-1733,A,Sukhumvit,Member,Female,5
423-64-4619,A,Sukhumvit,Member,Female,5
227-07-4446,C,Rama 9,Member,Female,5
174-36-3675,C,Rama 9,Member,Male,6
428-83-5800,C,Rama 9,Member,Female,8
603-07-0961,C,Rama 9,Member,Male,5
704-20-4138,C,Rama 9,Member,Female,9
787-15-1757,C,Rama 9,Member,Male,9
649-11-3678,C,Rama 9,Normal,Female,6
622-20-1945,C,Rama 9,Normal,Female,9
372-94-8041,A,Sukhumvit,Normal,Male,10
563-91-7120,A,Sukhumvit,Normal,Female,7
746-54-5508,A,Sukhumvit,Normal,Male,10
276-54-0879,B,Rama 2,Normal,Male,7
815-11-1168,A,Sukhumvit,Member,Male,6
719-76-3868,C,Rama 9,Member,Male,9
730-61-8757,B,Rama 2,Member,Male,4
340-66-0321,A,Sukhumvit,Member,Male,8
868-81-1752,B,Rama 2,Normal,Male,7
634-97-8956,A,Sukhumvit,Normal,Male,10
566-71-1091,A,Sukhumvit,Normal,Male,6
442-48-3607,A,Sukhumvit,Member,Male,8
835-16-0096,C,Rama 9,Member,Male,9
527-09-6272,A,Sukhumvit,Member,Female,10
898-04-2717,A,Sukhumvit,Normal,Male,8
692-27-8933,B,Rama 2,Normal,Female,6
633-09-3463,C,Rama 9,Normal,Female,10
374-17-3652,B,Rama 2,Member,Female,9
378-07-7001,B,Rama 2,Member,Male,8
433-75-6987,B,Rama 2,Member,Female,9
873-95-4984,B,Rama 2,Member,Female,8
416-13-5917,C,Rama 9,Normal,Female,10
150-89-8043,A,Sukhumvit,Normal,Male,7
135-84-8019,A,Sukhumvit,Normal,Female,8
441-94-7118,A,Sukhumvit,Member,Male,8
725-96-3778,C,Rama 9,Member,Female,5
531-80-1784,A,Sukhumvit,Normal,Male,6
400-45-1220,B,Rama 2,Normal,Female,5
860-79-0874,C,Rama 9,Member,Female,7
834-61-8124,A,Sukhumvit,Normal,Male,6
115-99-4379,B,Rama 2,Member,Female,9
565-67-6697,B,Rama 2,Member,Male,5
320-49-6392,C,Rama 9,Normal,Female,9
889-04-9723,B,Rama 2,Member,Female,8
632-90-0281,C,Rama 9,Normal,Female,10
554-42-2417,C,Rama 9,Normal,Female,6
453-63-6187,B,Rama 2,Normal,Male,7
578-80-7669,B,Rama 2,Normal,Male,6
612-36-5536,A,Sukhumvit,Member,Male,8
605-72-4132,C,Rama 9,Normal,Female,10
471-41-2823,C,Rama 9,Normal,Male,8
462-67-9126,A,Sukhumvit,Normal,Male,8
272-27-9238,C,Rama 9,Normal,Female,8
834-25-9262,C,Rama 9,Normal,Female,10
122-61-9553,C,Rama 9,Normal,Female,6
468-88-0009,A,Sukhumvit,Member,Male,6
613-59-9758,C,Rama 9,Normal,Female,6
254-31-0042,A,Sukhumvit,Member,Male,8
201-86-2184,B,Rama 2,Member,Female,10
261-12-8671,B,Rama 2,Normal,Female,5
730-70-9830,C,Rama 9,Normal,Female,6
382-25-8917,C,Rama 9,Normal,Male,9
422-29-8786,A,Sukhumvit,Normal,Female,10
667-23-5919,A,Sukhumvit,Member,Female,7
843-01-4703,B,Rama 2,Member,Female,10
743-88-1662,C,Rama 9,Normal,Male,9
595-86-2894,C,Rama 9,Member,Male,10
182-69-8360,B,Rama 2,Normal,Female,4
289-15-7034,A,Sukhumvit,Member,Male,8
462-78-5240,C,Rama 9,Normal,Female,5
868-52-7573,B,Rama 2,Normal,Female,10
153-58-4872,C,Rama 9,Member,Female,5
662-72-2873,A,Sukhumvit,Normal,Female,10
525-88-7307,B,Rama 2,Member,Male,6
689-16-9784,C,Rama 9,Normal,Male,6
725-56-0833,A,Sukhumvit,Normal,Female,10
394-41-0748,C,Rama 9,Member,Female,10
596-42-3999,B,Rama 2,Normal,Male,7
541-89-9860,C,Rama 9,Member,Female,9
173-82-9529,B,Rama 2,Normal,Female,10
563-36-9814,A,Sukhumvit,Member,Male,8
308-47-4913,A,Sukhumvit,Member,Female,7
885-17-6250,A,Sukhumvit,Normal,Female,8
726-27-2396,A,Sukhumvit,Normal,Female,5
316-01-3952,A,Sukhumvit,Normal,Female,5
760-54-1821,B,Rama 2,Normal,Male,6
793-10-3222,B,Rama 2,Member,Female,9
346-12-3257,B,Rama 2,Member,Male,8
110-05-6330,C,Rama 9,Normal,Female,10
651-61-0874,C,Rama 9,Normal,Male,7
236-86-3015,C,Rama 9,Member,Male,10
831-64-0259,B,Rama 2,Normal,Female,10
587-03-7455,C,Rama 9,Member,Female,5
882-40-4577,A,Sukhumvit,Member,Male,8
732-67-5346,A,Sukhumvit,Normal,Male,8
725-32-9708,B,Rama 2,Member,Female,5
256-08-8343,A,Sukhumvit,Normal,Female,6
372-26-1506,C,Rama 9,Normal,Female,6
244-08-0162,B,Rama 2,Normal,Female,6
569-71-4390,B,Rama 2,Normal,Male,7
132-23-6451,A,Sukhumvit,Member,Male,8
696-90-2548,A,Sukhumvit,Normal,Male,7
472-15-9636,A,Sukhumvit,Normal,Male,10
268-03-6164,B,Rama 2,Normal,Male,8
750-57-9686,C,Rama 9,Normal,Female,9
186-09-3669,C,Rama 9,Member,Female,10
848-07-1692,B,Rama 2,Normal,Female,9
745-71-3520,A,Sukhumvit,Member,Female,9
266-76-6436,C,Rama 9,Member,Female,8
740-22-2500,C,Rama 9,Normal,Female,10
271-88-8734,C,Rama 9,Member,Female,9
301-81-8610,B,Rama 2,Member,Male,7
489-64-4354,C,Rama 9,Normal,Male,5
198-84-7132,B,Rama 2,Member,Male,7
269-10-8440,A,Sukhumvit,Member,Male,9
650-98-6268,B,Rama 2,Member,Female,8
741-73-3559,B,Rama 2,Normal,Male,7
325-77-6186,A,Sukhumvit,Member,Female,8
286-75-7818,B,Rama 2,Normal,Male,7
574-57-9721,C,Rama 9,Normal,Male,6
459-50-7686,A,Sukhumvit,Normal,Female,7
616-87-0016,B,Rama 2,Normal,Male,10
837-55-7229,B,Rama 2,Normal,Female,7
751-69-0068,C,Rama 9,Normal,Male,9
257-73-1380,C,Rama 9,Member,Male,10
345-08-4992,A,Sukhumvit,Normal,Male,8
549-96-4200,C,Rama 9,Member,Male,7
810-60-6344,C,Rama 9,Normal,Female,7
450-28-2866,C,Rama 9,Member,Male,9
394-30-3170,B,Rama 2,Member,Female,5
138-17-5109,A,Sukhumvit,Member,Female,7
192-98-7397,C,Rama 9,Normal,Male,10
301-11-9629,A,Sukhumvit,Normal,Female,10
390-80-5128,B,Rama 2,Member,Female,10
235-46-8343,C,Rama 9,Member,Male,9
453-12-7053,C,Rama 9,Normal,Male,7
296-11-7041,B,Rama 2,Member,Female,6
449-27-2918,B,Rama 2,Member,Female,10
891-01-7034,B,Rama 2,Normal,Female,7
744-09-5786,B,Rama 2,Normal,Male,8
727-17-0390,A,Sukhumvit,Normal,Female,5
568-88-3448,A,Sukhumvit,Normal,Male,6
187-83-5490,A,Sukhumvit,Member,Male,5
767-54-1907,B,Rama 2,Member,Female,7
710-46-4433,B,Rama 2,Member,Female,5
533-33-5337,B,Rama 2,Normal,Male,7
325-90-8763,C,Rama 9,Member,Female,8
729-46-7422,C,Rama 9,Normal,Male,8
639-76-1242,C,Rama 9,Normal,Male,5
234-03-4040,B,Rama 2,Member,Female,9
326-71-2155,C,Rama 9,Normal,Female,7
320-32-8842,C,Rama 9,Member,Female,7
470-32-9057,A,Sukhumvit,Member,Male,10
878-30-2331,C,Rama 9,Member,Female,8
440-59-5691,C,Rama 9,Member,Female,8
554-53-3790,B,Rama 2,Normal,Male,5
746-19-0921,C,Rama 9,Normal,Male,8
233-34-0817,C,Rama 9,Member,Female,9
767-05-1286,C,Rama 9,Member,Female,6
340-21-9136,A,Sukhumvit,Member,Female,10
405-31-3305,A,Sukhumvit,Member,Male,6
731-59-7531,B,Rama 2,Member,Male,5
676-39-6028,A,Sukhumvit,Member,Female,7
502-05-1910,A,Sukhumvit,Normal,Male,7
485-30-8700,A,Sukhumvit,Normal,Female,5
598-47-9715,C,Rama 9,Normal,Male,5
701-69-8742,B,Rama 2,Normal,Male,7
575-67-1508,A,Sukhumvit,Normal,Male,7
541-08-3113,C,Rama 9,Normal,Male,9
246-11-3901,C,Rama 9,Normal,Female,7
674-15-9296,A,Sukhumvit,Normal,Male,5
305-18-3552,B,Rama 2,Member,Male,6
493-65-6248,C,Rama 9,Member,Female,7
438-01-4015,B,Rama 2,Member,Female,7
709-58-4068,B,Rama 2,Normal,Female,8
795-49-7276,A,Sukhumvit,Normal,Male,9
556-72-8512,C,Rama 9,Normal,Male,5
627-95-3243,B,Rama 2,Member,Female,10
686-41-0932,B,Rama 2,Normal,Female,9
510-09-5628,A,Sukhumvit,Member,Female,8
608-04-3797,B,Rama 2,Member,Female,9
148-82-2527,C,Rama 9,Member,Female,9
437-53-3084,B,Rama 2,Normal,Male,8
632-32-4574,B,Rama 2,Normal,Male,6
556-97-7101,C,Rama 9,Normal,Female,9
862-59-8517,C,Rama 9,Normal,Female,7
401-18-8016,B,Rama 2,Member,Female,9
420-18-8989,A,Sukhumvit,Member,Female,10
277-63-2961,B,Rama 2,Member,Male,6
573-98-8548,C,Rama 9,Member,Female,10
620-02-2046,C,Rama 9,Normal,Male,9
282-35-2475,B,Rama 2,Normal,Female,7
511-54-3087,B,Rama 2,Normal,Male,10
726-29-6793,A,Sukhumvit,Member,Male,10
387-49-4215,B,Rama 2,Member,Female,7
862-17-9201,B,Rama 2,Normal,Female,8
291-21-5991,B,Rama 2,Member,Male,7
602-80-9671,C,Rama 9,Member,Female,6
347-72-6115,B,Rama 2,Member,Female,7
209-61-0206,A,Sukhumvit,Normal,Female,7
595-27-4851,A,Sukhumvit,Normal,Female,10
189-52-0236,A,Sukhumvit,Normal,Male,8
503-07-0930,C,Rama 9,Member,Male,9
413-20-6708,C,Rama 9,Member,Female,9
425-85-2085,B,Rama 2,Member,Male,10
521-18-7827,C,Rama 9,Member,Male,9
220-28-1851,A,Sukhumvit,Normal,Male,10
600-38-9738,C,Rama 9,Member,Male,5
734-91-1155,B,Rama 2,Normal,Female,8
451-28-5717,C,Rama 9,Member,Female,8
609-81-8548,A,Sukhumvit,Member,Female,6
133-14-7229,C,Rama 9,Normal,Male,5
534-01-4457,A,Sukhumvit,Normal,Male,8
719-89-8991,A,Sukhumvit,Member,Female,8
286-62-6248,B,Rama 2,Normal,Male,9
339-38-9982,B,Rama 2,Member,Male,7
827-44-5872,B,Rama 2,Member,Female,7
827-77-7633,A,Sukhumvit,Normal,Male,10
287-83-1405,A,Sukhumvit,Normal,Male,7
435-13-4908,A,Sukhumvit,Member,Male,8
857-67-9057,B,Rama 2,Normal,Male,9
236-27-1144,C,Rama 9,Normal,Female,9
892-05-6689,A,Sukhumvit,Normal,Female,7
583-41-4548,C,Rama 9,Normal,Male,8
339-12-4827,B,Rama 2,Member,Female,5
643-38-7867,A,Sukhumvit,Normal,Male,7
308-81-0538,A,Sukhumvit,Normal,Female,5
358-88-9262,C,Rama 9,Member,Female,6
460-35-4390,A,Sukhumvit,Normal,Male,10
343-87-0864,C,Rama 9,Member,Male,8
173-50-1108,B,Rama 2,Member,Female,5
243-47-2663,C,Rama 9,Member,Male,6
841-18-8232,B,Rama 2,Normal,Female,10
701-23-5550,B,Rama 2,Member,Male,5
647-50-1224,A,Sukhumvit,Normal,Female,9
541-48-8554,A,Sukhumvit,Normal,Male,6
539-21-7227,B,Rama 2,Normal,Female,5
213-32-1216,A,Sukhumvit,Normal,Female,8
747-58-7183,B,Rama 2,Normal,Male,7
582-52-8065,B,Rama 2,Normal,Female,9
210-57-1719,B,Rama 2,Normal,Female,10
399-69-4630,C,Rama 9,Normal,Male,9
134-75-2619,A,Sukhumvit,Member,Male,7
356-44-8813,B,Rama 2,Normal,Male,8
198-66-9832,B,Rama 2,Member,Female,10
283-26-5248,C,Rama 9,Member,Female,5
712-39-0363,A,Sukhumvit,Member,Male,6
218-59-9410,A,Sukhumvit,Member,Female,9
174-75-0888,B,Rama 2,Normal,Male,8
866-99-7614,C,Rama 9,Normal,Male,5
134-54-4720,B,Rama 2,Normal,Female,6
760-90-2357,A,Sukhumvit,Member,Male,5
514-37-2845,B,Rama 2,Normal,Male,9
698-98-5964,A,Sukhumvit,Normal,Female,7
718-57-9773,C,Rama 9,Normal,Female,10
651-88-7328,A,Sukhumvit,Normal,Female,8
241-11-2261,B,Rama 2,Normal,Female,6
408-26-9866,C,Rama 9,Normal,Female,5
834-83-1826,B,Rama 2,Member,Female,8
343-61-3544,B,Rama 2,Member,Male,9
239-48-4278,A,Sukhumvit,Member,Male,9
355-34-6244,B,Rama 2,Normal,Male,9
550-84-8664,A,Sukhumvit,Normal,Male,9
339-96-8318,B,Rama 2,Member,Male,7
458-61-0011,B,Rama 2,Normal,Male,6
592-34-6155,C,Rama 9,Normal,Male,7
797-88-0493,A,Sukhumvit,Normal,Female,8
207-73-1363,B,Rama 2,Normal,Male,9
390-31-6381,C,Rama 9,Normal,Male,8
443-82-0585,A,Sukhumvit,Member,Female,9
339-18-7061,C,Rama 9,Member,Female,8
359-90-3665,B,Rama 2,Member,Female,10
375-72-3056,B,Rama 2,Normal,Male,7
127-47-6963,A,Sukhumvit,Normal,Male,10
278-86-2735,A,Sukhumvit,Normal,Female,10
695-28-6250,A,Sukhumvit,Normal,Female,8
379-17-6588,C,Rama 9,Normal,Male,6
227-50-3718,A,Sukhumvit,Normal,Male,5
302-15-2162,C,Rama 9,Member,Male,5
788-07-8452,C,Rama 9,Member,Female,10
560-49-6611,A,Sukhumvit,Member,Female,10
880-35-0356,A,Sukhumvit,Member,Female,5
585-11-6748,B,Rama 2,Member,Male,6
470-31-3286,B,Rama 2,Normal,Male,9
152-68-2907,A,Sukhumvit,Normal,Male,10
123-35-4896,C,Rama 9,Normal,Female,6
258-69-7810,C,Rama 9,Normal,Female,10
334-64-2006,A,Sukhumvit,Member,Female,10
219-61-4139,C,Rama 9,Normal,Male,7
881-41-7302,C,Rama 9,Normal,Female,5
373-09-4567,C,Rama 9,Normal,Male,7
642-30-6693,B,Rama 2,Normal,Female,8
484-22-8230,C,Rama 9,Member,Female,5
830-58-2383,B,Rama 2,Normal,Male,9
559-98-9873,A,Sukhumvit,Member,Female,6
544-32-5024,C,Rama 9,Member,Female,7
318-12-0304,A,Sukhumvit,Normal,Male,6
349-97-8902,B,Rama 2,Member,Male,9
421-95-9805,A,Sukhumvit,Normal,Female,7
277-35-5865,C,Rama 9,Member,Female,7
789-23-8625,B,Rama 2,Member,Male,8
284-54-4231,C,Rama 9,Member,Male,9
443-59-0061,A,Sukhumvit,Member,Male,5
509-29-3912,A,Sukhumvit,Member,Female,5
327-40-9673,B,Rama 2,Member,Male,7
840-19-2096,C,Rama 9,Member,Male,5
828-46-6863,A,Sukhumvit,Member,Male,4
641-96-3695,C,Rama 9,Member,Female,9
420-97-3340,A,Sukhumvit,Normal,Female,10
436-54-4512,A,Sukhumvit,Member,Female,10
670-79-6321,B,Rama 2,Member,Female,5
852-62-7105,B,Rama 2,Normal,Female,5
598-06-7312,B,Rama 2,Member,Male,7
135-13-8269,B,Rama 2,Member,Female,10
816-57-2053,A,Sukhumvit,Normal,Male,9
628-90-8624,B,Rama 2,Member,Male,5
856-66-2701,A,Sukhumvit,Member,Male,8
308-39-1707,A,Sukhumvit,Normal,Female,9
149-61-1929,A,Sukhumvit,Normal,Male,7
655-07-2265,A,Sukhumvit,Normal,Male,6
589-02-8023,A,Sukhumvit,Member,Male,7
420-04-7590,B,Rama 2,Normal,Male,5
182-88-2763,B,Rama 2,Member,Male,5
188-55-0967,B,Rama 2,Member,Male,5
610-46-4100,A,Sukhumvit,Normal,Male,6
318-81-2368,C,Rama 9,Normal,Female,7
364-33-8584,B,Rama 2,Member,Female,9
665-63-9737,B,Rama 2,Normal,Male,8
695-09-5146,B,Rama 2,Member,Female,7
155-45-3814,C,Rama 9,Member,Female,5
794-32-2436,B,Rama 2,Member,Male,6
131-15-8856,C,Rama 9,Member,Female,4
273-84-2164,C,Rama 9,Member,Male,6
706-36-6154,A,Sukhumvit,Member,Male,9
778-89-7974,C,Rama 9,Normal,Male,8
574-31-8277,B,Rama 2,Member,Male,6
859-71-0933,C,Rama 9,Member,Female,7
740-11-5257,C,Rama 9,Normal,Male,8
369-82-2676,B,Rama 2,Normal,Male,8
563-47-4072,B,Rama 2,Normal,Female,10
742-04-5161,A,Sukhumvit,Member,Male,8
149-15-7606,B,Rama 2,Member,Male,6
133-77-3154,B,Rama 2,Member,Male,10
169-52-4504,A,Sukhumvit,Normal,Female,6
250-81-7186,C,Rama 9,Normal,Female,8
562-12-5430,A,Sukhumvit,Member,Female,8
816-72-8853,A,Sukhumvit,Member,Female,6
491-38-3499,A,Sukhumvit,Member,Male,5
322-02-2271,B,Rama 2,Normal,Female,10
842-29-4695,C,Rama 9,Member,Male,8
725-67-2480,B,Rama 2,Member,Female,6
641-51-2661,C,Rama 9,Member,Female,10
714-02-3114,C,Rama 9,Normal,Female,8
518-17-2983,A,Sukhumvit,Normal,Female,8
779-42-2410,B,Rama 2,Member,Male,8
190-14-3147,B,Rama 2,Normal,Female,7
408-66-6712,C,Rama 9,Member,Female,5
679-22-6530,B,Rama 2,Normal,Female,5
588-47-8641,A,Sukhumvit,Member,Male,5
642-61-4706,B,Rama 2,Member,Male,6
576-31-4774,B,Rama 2,Normal,Female,4
556-41-6224,C,Rama 9,Normal,Male,10
811-03-8790,A,Sukhumvit,Normal,Female,5
242-11-3142,B,Rama 2,Member,Male,5
752-23-3760,B,Rama 2,Member,Female,8
274-05-5470,A,Sukhumvit,Member,Female,6
648-94-3045,C,Rama 9,Normal,Male,9
130-67-4723,A,Sukhumvit,Member,Male,10
528-87-5606,B,Rama 2,Member,Female,7
320-85-2052,B,Rama 2,Normal,Female,7
370-96-0655,C,Rama 9,Normal,Female,8
105-10-6182,A,Sukhumvit,Member,Male,7
510-79-0415,B,Rama 2,Member,Female,5
241-96-5076,B,Rama 2,Member,Female,7
767-97-4650,B,Rama 2,Member,Female,8
648-83-1321,A,Sukhumvit,Member,Male,5
173-57-2300,C,Rama 9,Member,Male,7
305-03-2383,A,Sukhumvit,Normal,Female,8
394-55-6384,C,Rama 9,Member,Female,7
266-20-6657,C,Rama 9,Member,Male,6
689-05-1884,A,Sukhumvit,Member,Male,9
196-01-2849,C,Rama 9,Member,Female,10
372-62-5264,C,Rama 9,Normal,Female,8
800-09-8606,A,Sukhumvit,Member,Female,7
182-52-7000,A,Sukhumvit,Member,Female,7
826-58-8051,B,Rama 2,Normal,Male,5
868-06-0466,A,Sukhumvit,Member,Male,8
751-41-9720,C,Rama 9,Normal,Male,8
626-43-7888,C,Rama 9,Normal,Female,10
176-64-7711,B,Rama 2,Normal,Male,5
191-29-0321,B,Rama 2,Member,Female,5
729-06-2010,B,Rama 2,Member,Male,10
640-48-5028,B,Rama 2,Member,Female,7
186-79-9562,B,Rama 2,Normal,Male,9
834-45-5519,B,Rama 2,Normal,Female,8
162-65-8559,C,Rama 9,Member,Male,5
760-27-5490,C,Rama 9,Normal,Male,10
445-30-9252,A,Sukhumvit,Normal,Male,7
786-94-2700,A,Sukhumvit,Member,Male,10
728-88-7867,C,Rama 9,Member,Female,9
183-21-3799,C,Rama 9,Normal,Female,8
268-20-3585,C,Rama 9,Normal,Female,6
735-32-9839,C,Rama 9,Member,Male,9
258-92-7466,A,Sukhumvit,Normal,Female,7
857-16-3520,A,Sukhumvit,Member,Female,5
482-17-1179,A,Sukhumvit,Member,Male,9
788-21-5741,A,Sukhumvit,Normal,Male,8
821-14-9046,B,Rama 2,Member,Female,7
418-05-0656,B,Rama 2,Normal,Female,8
678-79-0726,C,Rama 9,Member,Female,6
776-68-1096,B,Rama 2,Normal,Male,8
592-46-1692,C,Rama 9,Member,Female,8
434-35-9162,B,Rama 2,Member,Male,8
149-14-0304,C,Rama 9,Member,Female,7
442-44-6497,C,Rama 9,Member,Male,6
174-64-0215,B,Rama 2,Normal,Male,9
210-74-9613,C,Rama 9,Normal,Male,7
299-29-0180,B,Rama 2,Member,Female,10
247-11-2470,A,Sukhumvit,Member,Female,5
635-28-5728,A,Sukhumvit,Normal,Male,5
756-49-0168,A,Sukhumvit,Member,Male,10
438-23-1242,B,Rama 2,Normal,Male,9
238-45-6950,B,Rama 2,Member,Male,7
607-65-2441,C,Rama 9,Member,Male,6
386-27-7606,C,Rama 9,Member,Female,9
137-63-5492,C,Rama 9,Normal,Male,9
197-77-7132,B,Rama 2,Member,Male,6
805-86-0265,A,Sukhumvit,Normal,Male,10
733-29-1227,C,Rama 9,Normal,Male,9
451-73-2711,C,Rama 9,Normal,Male,9
373-14-0504,A,Sukhumvit,Member,Female,9
546-80-2899,A,Sukhumvit,Member,Male,10
345-68-9016,C,Rama 9,Member,Female,6
390-17-5806,C,Rama 9,Member,Female,9
457-13-1708,B,Rama 2,Member,Male,6
664-14-2882,C,Rama 9,Member,Female,6
487-79-6868,B,Rama 2,Member,Female,8
314-23-4520,C,Rama 9,Member,Male,9
210-30-7976,B,Rama 2,Member,Female,5
585-86-8361,A,Sukhumvit,Normal,Female,9
807-14-7833,A,Sukhumvit,Member,Female,7
775-72-1988,B,Rama 2,Normal,Male,9
288-38-3758,C,Rama 9,Member,Female,8
652-43-6591,A,Sukhumvit,Normal,Female,7
785-96-0615,B,Rama 2,Member,Female,5
406-46-7107,A,Sukhumvit,Normal,Female,5
250-17-5703,A,Sukhumvit,Member,Male,6
156-95-3964,A,Sukhumvit,Normal,Female,8
842-40-8179,B,Rama 2,Member,Female,6
525-09-8450,B,Rama 2,Normal,Male,5
410-67-1709,A,Sukhumvit,Member,Female,10
587-73-4862,A,Sukhumvit,Member,Female,8
787-87-2010,A,Sukhumvit,Member,Male,7
593-14-4239,B,Rama 2,Normal,Female,5
801-88-0346,C,Rama 9,Normal,Female,10
388-76-2555,B,Rama 2,Normal,Male,7
711-31-1234,B,Rama 2,Normal,Female,8
886-54-6089,A,Sukhumvit,Normal,Female,8
707-32-7409,B,Rama 2,Member,Female,5
759-98-4285,C,Rama 9,Member,Female,8
201-63-8275,C,Rama 9,Member,Female,6
471-06-8611,C,Rama 9,Normal,Female,7
200-16-5952,C,Rama 9,Member,Male,6
120-54-2248,B,Rama 2,Normal,Female,8
102-77-2261,C,Rama 9,Member,Male,5
875-31-8302,B,Rama 2,Normal,Male,10
102-06-2002,C,Rama 9,Member,Male,7
457-94-0464,B,Rama 2,Member,Male,6
629-42-4133,C,Rama 9,Normal,Male,9
534-53-3526,A,Sukhumvit,Normal,Female,8
307-04-2070,A,Sukhumvit,Member,Female,5
468-99-7231,C,Rama 9,Normal,Female,9
516-77-6464,C,Rama 9,Member,Female,5
404-91-5964,A,Sukhumvit,Normal,Male,9
886-77-9084,C,Rama 9,Normal,Male,6
790-38-4466,C,Rama 9,Normal,Female,10
704-10-4056,C,Rama 9,Member,Male,6
497-37-6538,A,Sukhumvit,Normal,Male,10
651-96-5970,A,Sukhumvit,Normal,Male,4
400-80-4065,C,Rama 9,Member,Male,10
744-16-7898,B,Rama 2,Normal,Female,5
263-12-5321,A,Sukhumvit,Member,Male,10
702-72-0487,A,Sukhumvit,Normal,Female,7
605-83-1050,B,Rama 2,Normal,Male,5
443-60-9639,C,Rama 9,Member,Female,6
864-24-7918,A,Sukhumvit,Member,Female,9
359-94-5395,B,Rama 2,Normal,Male,10
401-09-4232,C,Rama 9,Member,Male,10
751-15-6198,B,Rama 2,Normal,Male,8
324-41-6833,C,Rama 9,Member,Female,6
474-33-8305,C,Rama 9,Member,Male,7
759-29-9521,A,Sukhumvit,Member,Female,8
831-81-6575,B,Rama 2,Member,Female,8
220-68-6701,A,Sukhumvit,Normal,Female,5
618-34-8551,A,Sukhumvit,Normal,Female,9
257-60-7754,A,Sukhumvit,Normal,Female,9
559-61-5987,B,Rama 2,Normal,Female,9
189-55-2313,C,Rama 9,Normal,Female,6
565-91-4567,B,Rama 2,Normal,Male,7
380-60-5336,A,Sukhumvit,Normal,Female,5
815-04-6282,C,Rama 9,Member,Female,7
674-56-6360,A,Sukhumvit,Normal,Male,6
778-34-2523,A,Sukhumvit,Member,Female,5
499-27-7781,B,Rama 2,Normal,Female,5
477-59-2456,C,Rama 9,Normal,Female,10
832-51-6761,A,Sukhumvit,Normal,Male,10
869-11-3082,B,Rama 2,Member,Male,9
190-59-3964,B,Rama 2,Member,Male,6
366-43-6862,B,Rama 2,Normal,Male,7
186-43-8965,A,Sukhumvit,Member,Female,5
784-21-9238,C,Rama 9,Member,Male,6
276-75-6884,A,Sukhumvit,Normal,Female,9
109-86-4363,B,Rama 2,Member,Female,5
569-76-2760,A,Sukhumvit,Member,Female,7
222-42-0244,B,Rama 2,Member,Female,8
760-53-9233,A,Sukhumvit,Member,Male,9
538-22-0304,C,Rama 9,Normal,Male,6
416-17-9926,A,Sukhumvit,Member,Female,5
237-44-6163,A,Sukhumvit,Normal,Male,8
636-17-0325,B,Rama 2,Normal,Male,10
343-75-9322,B,Rama 2,Member,Female,5
528-14-9470,A,Sukhumvit,Member,Male,10
427-45-9297,B,Rama 2,Member,Female,6
807-34-3742,A,Sukhumvit,Normal,Male,6
288-62-1085,A,Sukhumvit,Member,Male,6
670-71-7306,B,Rama 2,Normal,Male,6
660-29-7083,C,Rama 9,Normal,Male,6
271-77-8740,C,Rama 9,Member,Female,5
497-36-0989,A,Sukhumvit,Normal,Male,8
291-59-1384,B,Rama 2,Normal,Male,6
860-73-6466,A,Sukhumvit,Member,Female,5
549-23-9016,C,Rama 9,Member,Female,9
896-34-0956,A,Sukhumvit,Normal,Male,6
804-38-3935,A,Sukhumvit,Member,Male,6
585-90-0249,A,Sukhumvit,Member,Male,10
862-29-5914,C,Rama 9,Normal,Female,9
845-94-6841,C,Rama 9,Member,Female,4
125-45-2293,A,Sukhumvit,Normal,Female,5
843-73-4724,A,Sukhumvit,Normal,Male,10
409-33-9708,A,Sukhumvit,Normal,Female,10
658-66-3967,C,Rama 9,Normal,Male,5
866-70-2814,B,Rama 2,Normal,Female,10
160-22-2687,A,Sukhumvit,Member,Female,9
895-03-6665,B,Rama 2,Normal,Female,5
770-42-8960,B,Rama 2,Normal,Male,7
748-45-2862,A,Sukhumvit,Member,Female,9
234-36-2483,B,Rama 2,Normal,Male,6
316-66-3011,A,Sukhumvit,Member,Female,5
848-95-6252,C,Rama 9,Member,Female,7
840-76-5966,A,Sukhumvit,Member,Male,8
152-03-4217,B,Rama 2,Normal,Female,5
533-66-5566,B,Rama 2,Normal,Female,7
124-31-1458,A,Sukhumvit,Member,Female,7
176-78-1170,C,Rama 9,Member,Male,8
361-59-0574,B,Rama 2,Member,Male,7
101-81-4070,C,Rama 9,Member,Female,5
631-34-1880,C,Rama 9,Member,Male,5
852-82-2749,A,Sukhumvit,Normal,Male,10
873-14-6353,A,Sukhumvit,Member,Male,8
584-66-4073,C,Rama 9,Normal,Male,10
544-55-9589,B,Rama 2,Member,Female,7
166-19-2553,A,Sukhumvit,Member,Male,10
737-88-5876,A,Sukhumvit,Member,Male,6
154-87-7367,C,Rama 9,Normal,Male,7
885-56-0389,C,Rama 9,Member,Male,4
608-05-3804,B,Rama 2,Member,Male,7
448-61-3783,A,Sukhumvit,Normal,Female,5
761-49-0439,B,Rama 2,Member,Female,9
490-95-0021,B,Rama 2,Member,Female,6
115-38-7388,C,Rama 9,Member,Female,10
311-13-6971,B,Rama 2,Member,Male,10
291-55-6563,A,Sukhumvit,Member,Female,8
548-48-3156,A,Sukhumvit,Member,Female,8
460-93-5834,A,Sukhumvit,Normal,Male,5
325-89-4209,A,Sukhumvit,Member,Male,7
884-80-6021,A,Sukhumvit,Member,Female,10
137-74-8729,C,Rama 9,Normal,Female,7
880-46-5796,A,Sukhumvit,Member,Male,6
389-70-2397,C,Rama 9,Normal,Female,8
114-35-5271,B,Rama 2,Normal,Female,9
607-76-6216,C,Rama 9,Member,Female,9
715-20-1673,B,Rama 2,Normal,Male,10
811-35-1094,B,Rama 2,Member,Male,9
699-88-1972,B,Rama 2,Normal,Male,5
781-84-8059,C,Rama 9,Normal,Male,5
409-49-6995,C,Rama 9,Member,Female,9
725-54-0677,C,Rama 9,Member,Male,6
146-09-5432,A,Sukhumvit,Member,Male,5
377-79-7592,C,Rama 9,Member,Female,8
509-10-0516,B,Rama 2,Normal,Male,6
595-94-9924,A,Sukhumvit,Member,Female,5
865-41-9075,A,Sukhumvit,Normal,Male,9
545-07-8534,C,Rama 9,Normal,Female,6
118-62-1812,C,Rama 9,Member,Female,8
450-42-3339,C,Rama 9,Normal,Male,9
851-98-3555,B,Rama 2,Normal,Female,7
186-71-5196,A,Sukhumvit,Member,Female,7
624-01-8356,B,Rama 2,Normal,Female,5
313-66-9943,B,Rama 2,Member,Female,8
151-27-8496,C,Rama 9,Normal,Female,9
453-33-6436,A,Sukhumvit,Normal,Female,7
522-57-8364,A,Sukhumvit,Member,Male,8
459-45-2396,A,Sukhumvit,Member,Female,6
717-96-4189,C,Rama 9,Normal,Female,5
722-13-2115,C,Rama 9,Member,Male,10
749-81-8133,A,Sukhumvit,Normal,Female,7
777-67-2495,B,Rama 2,Normal,Male,9
636-98-3364,B,Rama 2,Member,Female,7
246-55-6923,C,Rama 9,Member,Female,6
181-82-6255,B,Rama 2,Normal,Female,7
838-02-1821,C,Rama 9,Member,Female,6
887-42-0517,C,Rama 9,Normal,Female,7
457-12-0244,C,Rama 9,Member,Female,7
226-34-0034,B,Rama 2,Normal,Female,9
321-49-7382,B,Rama 2,Member,Male,6
397-25-8725,A,Sukhumvit,Member,Female,7
431-66-2305,B,Rama 2,Normal,Female,8
825-94-5922,B,Rama 2,Normal,Male,8
641-62-7288,B,Rama 2,Normal,Male,8
756-93-1854,C,Rama 9,Member,Female,10
243-55-8457,A,Sukhumvit,Normal,Female,6
458-10-8612,C,Rama 9,Normal,Male,8
501-61-1753,B,Rama 2,Normal,Female,10
235-06-8510,C,Rama 9,Member,Male,6
433-08-7822,C,Rama 9,Normal,Female,8
361-85-2571,A,Sukhumvit,Normal,Female,8
131-70-8179,A,Sukhumvit,Member,Female,5
500-02-2261,C,Rama 9,Normal,Female,6
720-72-2436,A,Sukhumvit,Normal,Male,7
702-83-5291,C,Rama 9,Member,Male,7
809-69-9497,A,Sukhumvit,Normal,Female,6
449-16-6770,A,Sukhumvit,Normal,Male,6
333-23-2632,A,Sukhumvit,Member,Male,5
489-82-1237,A,Sukhumvit,Normal,Female,8
859-97-6048,C,Rama 9,Member,Male,6
676-10-2200,B,Rama 2,Member,Male,5
373-88-1424,C,Rama 9,Member,Male,8
365-16-4334,B,Rama 2,Normal,Female,9
503-21-4385,B,Rama 2,Member,Male,10
305-89-2768,B,Rama 2,Member,Female,5
574-80-1489,B,Rama 2,Member,Female,9
784-08-0310,C,Rama 9,Member,Female,8
200-40-6154,B,Rama 2,Member,Male,6
846-10-0341,A,Sukhumvit,Normal,Female,7
577-34-7579,C,Rama 9,Member,Male,6
430-02-3888,B,Rama 2,Normal,Male,8
867-47-1948,C,Rama 9,Normal,Female,8
384-59-6655,A,Sukhumvit,Member,Female,9
256-58-3609,C,Rama 9,Member,Male,10
324-92-3863,A,Sukhumvit,Member,Male,10
593-08-5916,A,Sukhumvit,Normal,Female,8
364-34-2972,C,Rama 9,Member,Male,7
794-42-3736,B,Rama 2,Normal,Male,7
172-42-8274,B,Rama 2,Normal,Female,6
558-60-5016,A,Sukhumvit,Normal,Female,8
195-06-0432,A,Sukhumvit,Member,Male,10
605-03-2706,A,Sukhumvit,Normal,Female,10
214-30-2776,B,Rama 2,Member,Female,9
746-04-1077,B,Rama 2,Member,Female,9
448-34-8700,B,Rama 2,Member,Male,7
452-04-8808,B,Rama 2,Normal,Male,6
531-56-4728,A,Sukhumvit,Normal,Male,6
744-82-9138,C,Rama 9,Normal,Male,9
883-69-1285,B,Rama 2,Member,Male,7
221-25-5073,A,Sukhumvit,Normal,Female,9
518-71-6847,B,Rama 2,Member,Male,5
156-20-0370,B,Rama 2,Normal,Female,6
151-33-7434,B,Rama 2,Normal,Female,7
728-47-9078,C,Rama 9,Member,Male,10
809-46-1866,A,Sukhumvit,Normal,Male,9
139-32-4183,A,Sukhumvit,Member,Female,8
148-41-7930,C,Rama 9,Normal,Male,7
189-40-5216,C,Rama 9,Normal,Male,6
374-38-5555,B,Rama 2,Normal,Female,9
764-44-8999,B,Rama 2,Normal,Female,5
552-44-5977,B,Rama 2,Member,Male,7
267-62-7380,C,Rama 9,Member,Male,5
430-53-4718,B,Rama 2,Member,Male,9
886-18-2897,A,Sukhumvit,Normal,Female,5
602-16-6955,B,Rama 2,Normal,Female,6
745-74-0715,A,Sukhumvit,Normal,Male,9
690-01-6631,B,Rama 2,Normal,Male,7
652-49-6720,C,Rama 9,Member,Female,6
233-67-5758,C,Rama 9,Normal,Male,7
303-96-2227,B,Rama 2,Normal,Female,5
727-02-1313,A,Sukhumvit,Member,Male,8
347-56-2442,A,Sukhumvit,Normal,Male,5
849-09-3807,A,Sukhumvit,Member,Female,7
